trial,testing,parameters,initial_deadline,final_deadline,net_reward,actions,success
1,False,"{'a': 0.7, 'e': 1.98}",25,0,-316.63912344968514,"{0: 11, 1: 0, 2: 7, 3: 1, 4: 6}",0
2,False,"{'a': 0.7, 'e': 1.96}",20,0,-62.2897536720056,"{0: 12, 1: 2, 2: 5, 3: 1, 4: 0}",0
3,False,"{'a': 0.7, 'e': 1.94}",25,0,-133.50126324716766,"{0: 16, 1: 1, 2: 5, 3: 1, 4: 2}",0
4,False,"{'a': 0.7, 'e': 1.92}",30,0,-115.85307485552462,"{0: 21, 1: 4, 2: 2, 3: 1, 4: 2}",0
5,False,"{'a': 0.7, 'e': 1.9}",20,0,-66.3465649551974,"{0: 11, 1: 4, 2: 4, 3: 1, 4: 0}",0
6,False,"{'a': 0.7, 'e': 1.88}",20,0,-224.48238126158918,"{0: 10, 1: 2, 2: 3, 3: 0, 4: 5}",0
7,False,"{'a': 0.7, 'e': 1.8599999999999999}",25,16,-24.39215887453231,"{0: 6, 1: 0, 2: 3, 3: 0, 4: 0}",1
8,False,"{'a': 0.7, 'e': 1.8399999999999999}",25,0,-160.82193393423876,"{0: 13, 1: 3, 2: 6, 3: 1, 4: 2}",0
9,False,"{'a': 0.7, 'e': 1.8199999999999998}",25,0,-156.72510452548397,"{0: 13, 1: 2, 2: 6, 3: 3, 4: 1}",0
10,False,"{'a': 0.7, 'e': 1.7999999999999998}",20,0,-154.4443725211405,"{0: 13, 1: 0, 2: 3, 3: 1, 4: 3}",0
11,False,"{'a': 0.7, 'e': 1.7799999999999998}",20,0,-77.97461778865754,"{0: 14, 1: 1, 2: 3, 3: 1, 4: 1}",0
12,False,"{'a': 0.7, 'e': 1.7599999999999998}",30,1,-229.14966472467628,"{0: 14, 1: 3, 2: 7, 3: 2, 4: 3}",1
13,False,"{'a': 0.7, 'e': 1.7399999999999998}",25,0,-104.42797975737327,"{0: 17, 1: 2, 2: 3, 3: 2, 4: 1}",0
14,False,"{'a': 0.7, 'e': 1.7199999999999998}",20,9,-81.54768151059491,"{0: 7, 1: 1, 2: 1, 3: 0, 4: 2}",1
15,False,"{'a': 0.7, 'e': 1.6999999999999997}",20,0,-157.4837534545139,"{0: 11, 1: 4, 2: 1, 3: 1, 4: 3}",0
16,False,"{'a': 0.7, 'e': 1.6799999999999997}",20,0,-40.1850308461175,"{0: 14, 1: 1, 2: 5, 3: 0, 4: 0}",0
17,False,"{'a': 0.7, 'e': 1.6599999999999997}",25,0,-96.09309170300575,"{0: 16, 1: 3, 2: 4, 3: 1, 4: 1}",0
18,False,"{'a': 0.7, 'e': 1.6399999999999997}",25,0,-161.58834210242804,"{0: 12, 1: 4, 2: 6, 3: 1, 4: 2}",0
19,False,"{'a': 0.7, 'e': 1.6199999999999997}",30,0,-225.87994253707348,"{0: 15, 1: 3, 2: 7, 3: 2, 4: 3}",0
20,False,"{'a': 0.7, 'e': 1.5999999999999996}",20,0,-59.13749702119412,"{0: 12, 1: 3, 2: 4, 3: 1, 4: 0}",0
21,False,"{'a': 0.7, 'e': 1.5799999999999996}",20,0,-84.94357025644167,"{0: 11, 1: 6, 2: 1, 3: 1, 4: 1}",0
22,False,"{'a': 0.7, 'e': 1.5599999999999996}",25,0,-104.39384792579239,"{0: 16, 1: 1, 2: 6, 3: 1, 4: 1}",0
23,False,"{'a': 0.7, 'e': 1.5399999999999996}",35,0,-248.18051454608175,"{0: 20, 1: 2, 2: 8, 3: 1, 4: 4}",0
24,False,"{'a': 0.7, 'e': 1.5199999999999996}",20,0,-133.49341234319343,"{0: 7, 1: 6, 2: 5, 3: 1, 4: 1}",0
25,False,"{'a': 0.7, 'e': 1.4999999999999996}",20,0,-102.18258296687843,"{0: 15, 1: 0, 2: 2, 3: 1, 4: 2}",0
26,False,"{'a': 0.7, 'e': 1.4799999999999995}",20,0,-81.40747493543752,"{0: 12, 1: 4, 2: 3, 3: 0, 4: 1}",0
27,False,"{'a': 0.7, 'e': 1.4599999999999995}",35,0,-245.6018530109591,"{0: 19, 1: 1, 2: 10, 3: 2, 4: 3}",0
28,False,"{'a': 0.7, 'e': 1.4399999999999995}",25,0,-174.1461406353334,"{0: 17, 1: 2, 2: 2, 3: 0, 4: 4}",0
29,False,"{'a': 0.7, 'e': 1.4199999999999995}",30,0,-247.26233636309908,"{0: 18, 1: 2, 2: 4, 3: 1, 4: 5}",0
30,False,"{'a': 0.7, 'e': 1.3999999999999995}",25,0,-63.821017056441804,"{0: 17, 1: 0, 2: 8, 3: 0, 4: 0}",0
31,False,"{'a': 0.7, 'e': 1.3799999999999994}",20,0,-94.91789653645576,"{0: 11, 1: 4, 2: 3, 3: 1, 4: 1}",0
32,False,"{'a': 0.7, 'e': 1.3599999999999994}",30,0,-93.6800620394546,"{0: 19, 1: 4, 2: 6, 3: 0, 4: 1}",0
33,False,"{'a': 0.7, 'e': 1.3399999999999994}",20,0,-74.06479807357927,"{0: 14, 1: 0, 2: 3, 3: 3, 4: 0}",0
34,False,"{'a': 0.7, 'e': 1.3199999999999994}",30,13,-62.01311333924205,"{0: 11, 1: 1, 2: 3, 3: 2, 4: 0}",1
35,False,"{'a': 0.7, 'e': 1.2999999999999994}",20,16,7.745831991365132,"{0: 4, 1: 0, 2: 0, 3: 0, 4: 0}",1
36,False,"{'a': 0.7, 'e': 1.2799999999999994}",20,0,-170.11608106967137,"{0: 10, 1: 2, 2: 3, 3: 3, 4: 2}",0
37,False,"{'a': 0.7, 'e': 1.2599999999999993}",35,0,-211.4496858844963,"{0: 20, 1: 3, 2: 7, 3: 2, 4: 3}",0
38,False,"{'a': 0.7, 'e': 1.2399999999999993}",25,0,-122.7201142622406,"{0: 16, 1: 3, 2: 3, 3: 1, 4: 2}",0
39,False,"{'a': 0.7, 'e': 1.2199999999999993}",35,0,-154.35864385638683,"{0: 23, 1: 2, 2: 7, 3: 1, 4: 2}",0
40,False,"{'a': 0.7, 'e': 1.1999999999999993}",25,0,-131.02348790252373,"{0: 16, 1: 2, 2: 4, 3: 1, 4: 2}",0
41,False,"{'a': 0.7, 'e': 1.1799999999999993}",20,0,-74.51820381867198,"{0: 13, 1: 3, 2: 3, 3: 0, 4: 1}",0
42,False,"{'a': 0.7, 'e': 1.1599999999999993}",20,0,-79.69897518359478,"{0: 14, 1: 1, 2: 3, 3: 1, 4: 1}",0
43,False,"{'a': 0.7, 'e': 1.1399999999999992}",20,6,-71.47384215449796,"{0: 11, 1: 0, 2: 1, 3: 0, 4: 2}",1
44,False,"{'a': 0.7, 'e': 1.1199999999999992}",20,0,-65.96801637761487,"{0: 10, 1: 6, 2: 3, 3: 1, 4: 0}",0
45,False,"{'a': 0.7, 'e': 1.0999999999999992}",20,0,-88.33436181521735,"{0: 9, 1: 4, 2: 6, 3: 1, 4: 0}",0
46,False,"{'a': 0.7, 'e': 1.0799999999999992}",25,0,-71.10834134197972,"{0: 19, 1: 1, 2: 3, 3: 1, 4: 1}",0
47,False,"{'a': 0.7, 'e': 1.0599999999999992}",20,0,-126.79191364579032,"{0: 11, 1: 4, 2: 2, 3: 1, 4: 2}",0
48,False,"{'a': 0.7, 'e': 1.0399999999999991}",20,0,-102.28927472783202,"{0: 13, 1: 3, 2: 2, 3: 0, 4: 2}",0
49,False,"{'a': 0.7, 'e': 1.0199999999999991}",30,0,-207.19305347397,"{0: 17, 1: 3, 2: 5, 3: 2, 4: 3}",0
50,False,"{'a': 0.7, 'e': 0.9999999999999991}",25,0,-156.79086165776272,"{0: 16, 1: 1, 2: 4, 3: 1, 4: 3}",0
51,False,"{'a': 0.7, 'e': 0.9799999999999991}",30,0,-137.81485832437278,"{0: 18, 1: 2, 2: 7, 3: 2, 4: 1}",0
52,False,"{'a': 0.7, 'e': 0.9599999999999991}",20,0,-86.86682150396787,"{0: 14, 1: 3, 2: 1, 3: 0, 4: 2}",0
53,False,"{'a': 0.7, 'e': 0.9399999999999991}",25,0,-171.42049086986535,"{0: 15, 1: 2, 2: 4, 3: 1, 4: 3}",0
54,False,"{'a': 0.7, 'e': 0.919999999999999}",25,11,-5.070177707584637,"{0: 11, 1: 2, 2: 1, 3: 0, 4: 0}",1
55,False,"{'a': 0.7, 'e': 0.899999999999999}",25,0,-168.39110900736068,"{0: 13, 1: 3, 2: 5, 3: 2, 4: 2}",0
56,False,"{'a': 0.7, 'e': 0.879999999999999}",20,0,-56.98579823538991,"{0: 15, 1: 1, 2: 3, 3: 0, 4: 1}",0
57,False,"{'a': 0.7, 'e': 0.859999999999999}",30,0,-206.2556147599728,"{0: 18, 1: 2, 2: 6, 3: 0, 4: 4}",0
58,False,"{'a': 0.7, 'e': 0.839999999999999}",20,0,-78.79288683895194,"{0: 13, 1: 3, 2: 2, 3: 1, 4: 1}",0
59,False,"{'a': 0.7, 'e': 0.819999999999999}",20,0,-93.49790574001285,"{0: 13, 1: 2, 2: 2, 3: 2, 4: 1}",0
60,False,"{'a': 0.7, 'e': 0.7999999999999989}",30,0,-166.69114825574272,"{0: 18, 1: 2, 2: 4, 3: 5, 4: 1}",0
61,False,"{'a': 0.7, 'e': 0.7799999999999989}",25,0,-100.23370178392594,"{0: 15, 1: 3, 2: 5, 3: 1, 4: 1}",0
62,False,"{'a': 0.7, 'e': 0.7599999999999989}",30,1,-78.3161606514867,"{0: 23, 1: 1, 2: 2, 3: 2, 4: 1}",1
63,False,"{'a': 0.7, 'e': 0.7399999999999989}",30,20,-84.3072262938621,"{0: 6, 1: 1, 2: 1, 3: 0, 4: 2}",1
64,False,"{'a': 0.7, 'e': 0.7199999999999989}",30,0,-101.87003193908092,"{0: 22, 1: 2, 2: 4, 3: 0, 4: 2}",0
65,False,"{'a': 0.7, 'e': 0.6999999999999988}",20,0,-91.70757187959039,"{0: 16, 1: 0, 2: 1, 3: 1, 4: 2}",0
66,False,"{'a': 0.7, 'e': 0.6799999999999988}",20,0,-146.1674248235836,"{0: 9, 1: 3, 2: 4, 3: 3, 4: 1}",0
67,False,"{'a': 0.7, 'e': 0.6599999999999988}",30,0,-29.368359963835918,"{0: 23, 1: 2, 2: 5, 3: 0, 4: 0}",0
68,False,"{'a': 0.7, 'e': 0.6399999999999988}",20,0,-57.894927799640485,"{0: 15, 1: 0, 2: 4, 3: 0, 4: 1}",0
69,False,"{'a': 0.7, 'e': 0.6199999999999988}",20,0,-119.18506471110766,"{0: 12, 1: 1, 2: 5, 3: 0, 4: 2}",0
70,False,"{'a': 0.7, 'e': 0.5999999999999988}",35,15,-142.70948016542062,"{0: 11, 1: 0, 2: 6, 3: 1, 4: 2}",1
71,False,"{'a': 0.7, 'e': 0.5799999999999987}",25,0,13.045908601223928,"{0: 23, 1: 0, 2: 2, 3: 0, 4: 0}",0
72,False,"{'a': 0.7, 'e': 0.5599999999999987}",35,0,-151.13631448522162,"{0: 24, 1: 2, 2: 5, 3: 2, 4: 2}",0
73,False,"{'a': 0.7, 'e': 0.5399999999999987}",30,0,-31.836018170633483,"{0: 23, 1: 2, 2: 5, 3: 0, 4: 0}",0
74,False,"{'a': 0.7, 'e': 0.5199999999999987}",30,9,-46.412580479380544,"{0: 14, 1: 3, 2: 3, 3: 1, 4: 0}",1
75,False,"{'a': 0.7, 'e': 0.49999999999999867}",25,1,-53.45241252700704,"{0: 20, 1: 0, 2: 2, 3: 1, 4: 1}",1
76,False,"{'a': 0.7, 'e': 0.47999999999999865}",25,7,-55.61773687721972,"{0: 13, 1: 3, 2: 0, 3: 1, 4: 1}",1
77,False,"{'a': 0.7, 'e': 0.45999999999999863}",25,0,-12.140018047591196,"{0: 23, 1: 0, 2: 0, 3: 2, 4: 0}",0
78,False,"{'a': 0.7, 'e': 0.4399999999999986}",25,0,-31.12847136509299,"{0: 21, 1: 2, 2: 1, 3: 0, 4: 1}",0
79,False,"{'a': 0.7, 'e': 0.4199999999999986}",25,3,27.1216408260598,"{0: 21, 1: 0, 2: 1, 3: 0, 4: 0}",1
80,False,"{'a': 0.7, 'e': 0.3999999999999986}",30,0,7.699793350704686,"{0: 27, 1: 0, 2: 3, 3: 0, 4: 0}",0
81,False,"{'a': 0.7, 'e': 0.37999999999999856}",25,0,-65.04144389315435,"{0: 18, 1: 1, 2: 5, 3: 0, 4: 1}",0
82,False,"{'a': 0.7, 'e': 0.35999999999999854}",30,0,47.539705473913095,"{0: 30, 1: 0, 2: 0, 3: 0, 4: 0}",0
83,False,"{'a': 0.7, 'e': 0.3399999999999985}",35,21,-46.434045790959914,"{0: 10, 1: 1, 2: 2, 3: 0, 4: 1}",1
84,False,"{'a': 0.7, 'e': 0.3199999999999985}",20,2,-2.978273625991835,"{0: 16, 1: 0, 2: 1, 3: 1, 4: 0}",1
85,False,"{'a': 0.7, 'e': 0.2999999999999985}",25,11,10.875718326207098,"{0: 13, 1: 0, 2: 1, 3: 0, 4: 0}",1
86,False,"{'a': 0.7, 'e': 0.2799999999999985}",30,6,16.66218420416843,"{0: 23, 1: 0, 2: 0, 3: 1, 4: 0}",1
87,False,"{'a': 0.7, 'e': 0.25999999999999845}",30,20,8.400070508770241,"{0: 9, 1: 0, 2: 1, 3: 0, 4: 0}",1
88,False,"{'a': 0.7, 'e': 0.23999999999999846}",25,14,11.9612287492134,"{0: 10, 1: 1, 2: 0, 3: 0, 4: 0}",1
89,False,"{'a': 0.7, 'e': 0.21999999999999847}",20,3,20.332742198008948,"{0: 16, 1: 1, 2: 0, 3: 0, 4: 0}",1
90,False,"{'a': 0.7, 'e': 0.19999999999999848}",20,9,8.315995806530506,"{0: 10, 1: 0, 2: 1, 3: 0, 4: 0}",1
91,False,"{'a': 0.7, 'e': 0.1799999999999985}",30,10,4.353869122609142,"{0: 17, 1: 1, 2: 2, 3: 0, 4: 0}",1
92,False,"{'a': 0.7, 'e': 0.1599999999999985}",20,3,4.389199572944893,"{0: 16, 1: 0, 2: 0, 3: 1, 4: 0}",1
93,False,"{'a': 0.7, 'e': 0.13999999999999851}",20,8,20.25364232825135,"{0: 12, 1: 0, 2: 0, 3: 0, 4: 0}",1
94,False,"{'a': 0.7, 'e': 0.11999999999999851}",20,12,13.952047095149153,"{0: 8, 1: 0, 2: 0, 3: 0, 4: 0}",1
95,False,"{'a': 0.7, 'e': 0.0999999999999985}",25,6,17.527404753443054,"{0: 18, 1: 0, 2: 1, 3: 0, 4: 0}",1
96,False,"{'a': 0.7, 'e': 0.0799999999999985}",30,17,25.736055437462156,"{0: 13, 1: 0, 2: 0, 3: 0, 4: 0}",1
97,False,"{'a': 0.7, 'e': 0.0599999999999985}",20,14,8.248828722253627,"{0: 6, 1: 0, 2: 0, 3: 0, 4: 0}",1
98,False,"{'a': 0.7, 'e': 0.039999999999998495}",20,14,2.3481582859139682,"{0: 5, 1: 1, 2: 0, 3: 0, 4: 0}",1
99,False,"{'a': 0.7, 'e': 0.019999999999998495}",20,8,19.263461886386466,"{0: 12, 1: 0, 2: 0, 3: 0, 4: 0}",1
100,False,"{'a': 0.7, 'e': -1.5057399771478686e-15}",30,22,12.237376910300982,"{0: 8, 1: 0, 2: 0, 3: 0, 4: 0}",1
1,True,"{'a': 0, 'e': 0}",30,8,32.04275642588389,"{0: 22, 1: 0, 2: 0, 3: 0, 4: 0}",1
2,True,"{'a': 0, 'e': 0}",20,9,22.542298901012828,"{0: 11, 1: 0, 2: 0, 3: 0, 4: 0}",1
3,True,"{'a': 0, 'e': 0}",25,14,20.666171934393986,"{0: 11, 1: 0, 2: 0, 3: 0, 4: 0}",1
4,True,"{'a': 0, 'e': 0}",25,15,11.042996411513139,"{0: 9, 1: 1, 2: 0, 3: 0, 4: 0}",1
5,True,"{'a': 0, 'e': 0}",20,9,18.583684248852997,"{0: 11, 1: 0, 2: 0, 3: 0, 4: 0}",1
6,True,"{'a': 0, 'e': 0}",35,26,18.65607134704071,"{0: 9, 1: 0, 2: 0, 3: 0, 4: 0}",1
7,True,"{'a': 0, 'e': 0}",20,0,32.729968436087354,"{0: 20, 1: 0, 2: 0, 3: 0, 4: 0}",1
8,True,"{'a': 0, 'e': 0}",25,20,11.57618857370093,"{0: 5, 1: 0, 2: 0, 3: 0, 4: 0}",1
9,True,"{'a': 0, 'e': 0}",30,16,25.442670138601542,"{0: 14, 1: 0, 2: 0, 3: 0, 4: 0}",1
10,True,"{'a': 0, 'e': 0}",20,16,8.502302935022213,"{0: 4, 1: 0, 2: 0, 3: 0, 4: 0}",1
11,True,"{'a': 0, 'e': 0}",30,9,34.18543026386774,"{0: 21, 1: 0, 2: 0, 3: 0, 4: 0}",1
12,True,"{'a': 0, 'e': 0}",25,14,20.162793897842175,"{0: 11, 1: 0, 2: 0, 3: 0, 4: 0}",1
13,True,"{'a': 0, 'e': 0}",25,8,24.879668740952535,"{0: 17, 1: 0, 2: 0, 3: 0, 4: 0}",1
14,True,"{'a': 0, 'e': 0}",35,22,22.43120925769702,"{0: 13, 1: 0, 2: 0, 3: 0, 4: 0}",1
15,True,"{'a': 0, 'e': 0}",30,11,35.999056832158495,"{0: 19, 1: 0, 2: 0, 3: 0, 4: 0}",1
16,True,"{'a': 0, 'e': 0}",25,14,21.937402396614253,"{0: 11, 1: 0, 2: 0, 3: 0, 4: 0}",1
17,True,"{'a': 0, 'e': 0}",25,20,8.606305585294034,"{0: 5, 1: 0, 2: 0, 3: 0, 4: 0}",1
18,True,"{'a': 0, 'e': 0}",30,24,10.234127915274573,"{0: 6, 1: 0, 2: 0, 3: 0, 4: 0}",1
19,True,"{'a': 0, 'e': 0}",25,13,23.75458052854377,"{0: 12, 1: 0, 2: 0, 3: 0, 4: 0}",1
20,True,"{'a': 0, 'e': 0}",25,13,25.432667425115433,"{0: 12, 1: 0, 2: 0, 3: 0, 4: 0}",1
21,True,"{'a': 0, 'e': 0}",25,8,30.65210797137922,"{0: 17, 1: 0, 2: 0, 3: 0, 4: 0}",1
22,True,"{'a': 0, 'e': 0}",30,16,23.647676750342498,"{0: 14, 1: 0, 2: 0, 3: 0, 4: 0}",1
23,True,"{'a': 0, 'e': 0}",25,15,20.4674953398577,"{0: 10, 1: 0, 2: 0, 3: 0, 4: 0}",1
24,True,"{'a': 0, 'e': 0}",20,6,24.79076505584996,"{0: 14, 1: 0, 2: 0, 3: 0, 4: 0}",1
25,True,"{'a': 0, 'e': 0}",20,16,9.338072371744355,"{0: 4, 1: 0, 2: 0, 3: 0, 4: 0}",1
26,True,"{'a': 0, 'e': 0}",25,15,16.585917781542207,"{0: 10, 1: 0, 2: 0, 3: 0, 4: 0}",1
27,True,"{'a': 0, 'e': 0}",25,12,22.91816812581448,"{0: 13, 1: 0, 2: 0, 3: 0, 4: 0}",1
28,True,"{'a': 0, 'e': 0}",20,6,22.22367251766268,"{0: 14, 1: 0, 2: 0, 3: 0, 4: 0}",1
29,True,"{'a': 0, 'e': 0}",20,0,31.070197299095625,"{0: 20, 1: 0, 2: 0, 3: 0, 4: 0}",0
30,True,"{'a': 0, 'e': 0}",25,13,20.70223684538034,"{0: 12, 1: 0, 2: 0, 3: 0, 4: 0}",1
31,True,"{'a': 0, 'e': 0}",20,2,27.299414132898374,"{0: 17, 1: 1, 2: 0, 3: 0, 4: 0}",1
32,True,"{'a': 0, 'e': 0}",30,19,11.527853212495534,"{0: 10, 1: 1, 2: 0, 3: 0, 4: 0}",1
33,True,"{'a': 0, 'e': 0}",30,18,21.355512358645132,"{0: 12, 1: 0, 2: 0, 3: 0, 4: 0}",1
34,True,"{'a': 0, 'e': 0}",20,9,17.849790575579153,"{0: 11, 1: 0, 2: 0, 3: 0, 4: 0}",1
35,True,"{'a': 0, 'e': 0}",20,13,11.34471409657432,"{0: 7, 1: 0, 2: 0, 3: 0, 4: 0}",1
36,True,"{'a': 0, 'e': 0}",20,14,8.713566844132389,"{0: 6, 1: 0, 2: 0, 3: 0, 4: 0}",1
37,True,"{'a': 0, 'e': 0}",20,8,12.902503863490821,"{0: 11, 1: 1, 2: 0, 3: 0, 4: 0}",1
38,True,"{'a': 0, 'e': 0}",25,12,18.619508887226207,"{0: 12, 1: 1, 2: 0, 3: 0, 4: 0}",1
39,True,"{'a': 0, 'e': 0}",30,23,12.826278983549162,"{0: 7, 1: 0, 2: 0, 3: 0, 4: 0}",1
40,True,"{'a': 0, 'e': 0}",20,10,19.900250556852235,"{0: 10, 1: 0, 2: 0, 3: 0, 4: 0}",1
41,True,"{'a': 0, 'e': 0}",25,10,28.09608879538198,"{0: 15, 1: 0, 2: 0, 3: 0, 4: 0}",1
42,True,"{'a': 0, 'e': 0}",25,20,8.4739457424255,"{0: 5, 1: 0, 2: 0, 3: 0, 4: 0}",1
43,True,"{'a': 0, 'e': 0}",25,15,17.129191027617175,"{0: 10, 1: 0, 2: 0, 3: 0, 4: 0}",1
44,True,"{'a': 0, 'e': 0}",25,10,25.32447439956358,"{0: 15, 1: 0, 2: 0, 3: 0, 4: 0}",1
45,True,"{'a': 0, 'e': 0}",25,14,21.162634815378297,"{0: 11, 1: 0, 2: 0, 3: 0, 4: 0}",1
46,True,"{'a': 0, 'e': 0}",30,13,35.6927805350464,"{0: 17, 1: 0, 2: 0, 3: 0, 4: 0}",1
47,True,"{'a': 0, 'e': 0}",20,14,10.460065445819371,"{0: 6, 1: 0, 2: 0, 3: 0, 4: 0}",1
48,True,"{'a': 0, 'e': 0}",30,16,25.19590312136598,"{0: 14, 1: 0, 2: 0, 3: 0, 4: 0}",1
49,True,"{'a': 0, 'e': 0}",30,15,30.232454225600932,"{0: 15, 1: 0, 2: 0, 3: 0, 4: 0}",1
50,True,"{'a': 0, 'e': 0}",20,6,23.8471937417817,"{0: 14, 1: 0, 2: 0, 3: 0, 4: 0}",1
51,True,"{'a': 0, 'e': 0}",30,20,14.201271298969662,"{0: 9, 1: 1, 2: 0, 3: 0, 4: 0}",1
52,True,"{'a': 0, 'e': 0}",25,14,20.029132360689335,"{0: 11, 1: 0, 2: 0, 3: 0, 4: 0}",1
53,True,"{'a': 0, 'e': 0}",20,15,8.850304680103175,"{0: 5, 1: 0, 2: 0, 3: 0, 4: 0}",1
54,True,"{'a': 0, 'e': 0}",20,11,16.783863867972425,"{0: 9, 1: 0, 2: 0, 3: 0, 4: 0}",1
55,True,"{'a': 0, 'e': 0}",25,11,21.790963780410834,"{0: 14, 1: 0, 2: 0, 3: 0, 4: 0}",1
56,True,"{'a': 0, 'e': 0}",30,6,42.417643384307084,"{0: 24, 1: 0, 2: 0, 3: 0, 4: 0}",1
57,True,"{'a': 0, 'e': 0}",25,3,31.707196250876684,"{0: 21, 1: 1, 2: 0, 3: 0, 4: 0}",1
58,True,"{'a': 0, 'e': 0}",20,0,30.668941911305254,"{0: 20, 1: 0, 2: 0, 3: 0, 4: 0}",0
59,True,"{'a': 0, 'e': 0}",25,0,36.102034331569,"{0: 25, 1: 0, 2: 0, 3: 0, 4: 0}",0
60,True,"{'a': 0, 'e': 0}",20,8,24.313685544491097,"{0: 12, 1: 0, 2: 0, 3: 0, 4: 0}",1
61,True,"{'a': 0, 'e': 0}",20,6,19.68405909182632,"{0: 14, 1: 0, 2: 0, 3: 0, 4: 0}",1
62,True,"{'a': 0, 'e': 0}",20,12,12.669900598875028,"{0: 8, 1: 0, 2: 0, 3: 0, 4: 0}",1
63,True,"{'a': 0, 'e': 0}",20,9,19.856191442624944,"{0: 11, 1: 0, 2: 0, 3: 0, 4: 0}",1
64,True,"{'a': 0, 'e': 0}",20,9,18.256956214728802,"{0: 11, 1: 0, 2: 0, 3: 0, 4: 0}",1
65,True,"{'a': 0, 'e': 0}",20,13,14.264081331382055,"{0: 7, 1: 0, 2: 0, 3: 0, 4: 0}",1
66,True,"{'a': 0, 'e': 0}",35,20,25.661834765225535,"{0: 15, 1: 0, 2: 0, 3: 0, 4: 0}",1
67,True,"{'a': 0, 'e': 0}",20,13,14.218112012651924,"{0: 7, 1: 0, 2: 0, 3: 0, 4: 0}",1
68,True,"{'a': 0, 'e': 0}",25,18,11.533145841585439,"{0: 7, 1: 0, 2: 0, 3: 0, 4: 0}",1
69,True,"{'a': 0, 'e': 0}",25,8,26.862288135147153,"{0: 17, 1: 0, 2: 0, 3: 0, 4: 0}",1
70,True,"{'a': 0, 'e': 0}",25,10,21.196350583989652,"{0: 14, 1: 1, 2: 0, 3: 0, 4: 0}",1
71,True,"{'a': 0, 'e': 0}",30,15,21.311978961288073,"{0: 14, 1: 1, 2: 0, 3: 0, 4: 0}",1
72,True,"{'a': 0, 'e': 0}",20,12,13.071249149271448,"{0: 8, 1: 0, 2: 0, 3: 0, 4: 0}",1
73,True,"{'a': 0, 'e': 0}",35,20,28.82437977950914,"{0: 15, 1: 0, 2: 0, 3: 0, 4: 0}",1
74,True,"{'a': 0, 'e': 0}",20,16,7.857346831073179,"{0: 4, 1: 0, 2: 0, 3: 0, 4: 0}",1
75,True,"{'a': 0, 'e': 0}",25,12,22.356344479641162,"{0: 13, 1: 0, 2: 0, 3: 0, 4: 0}",1
76,True,"{'a': 0, 'e': 0}",20,4,26.44626933726342,"{0: 16, 1: 0, 2: 0, 3: 0, 4: 0}",1
77,True,"{'a': 0, 'e': 0}",30,13,31.199783914391332,"{0: 17, 1: 0, 2: 0, 3: 0, 4: 0}",1
78,True,"{'a': 0, 'e': 0}",20,7,24.2528619674661,"{0: 13, 1: 0, 2: 0, 3: 0, 4: 0}",1
79,True,"{'a': 0, 'e': 0}",25,16,17.131210208159878,"{0: 9, 1: 0, 2: 0, 3: 0, 4: 0}",1
80,True,"{'a': 0, 'e': 0}",20,16,9.765491962824385,"{0: 4, 1: 0, 2: 0, 3: 0, 4: 0}",1
81,True,"{'a': 0, 'e': 0}",30,24,12.124733582969817,"{0: 6, 1: 0, 2: 0, 3: 0, 4: 0}",1
82,True,"{'a': 0, 'e': 0}",20,10,17.718925787039716,"{0: 10, 1: 0, 2: 0, 3: 0, 4: 0}",1
83,True,"{'a': 0, 'e': 0}",25,11,21.068954571999296,"{0: 13, 1: 1, 2: 0, 3: 0, 4: 0}",1
84,True,"{'a': 0, 'e': 0}",20,5,31.08398228317637,"{0: 15, 1: 0, 2: 0, 3: 0, 4: 0}",1
85,True,"{'a': 0, 'e': 0}",30,15,27.794495919745472,"{0: 15, 1: 0, 2: 0, 3: 0, 4: 0}",1
86,True,"{'a': 0, 'e': 0}",20,10,19.51023094960226,"{0: 10, 1: 0, 2: 0, 3: 0, 4: 0}",1
87,True,"{'a': 0, 'e': 0}",20,13,14.342769324752352,"{0: 7, 1: 0, 2: 0, 3: 0, 4: 0}",1
88,True,"{'a': 0, 'e': 0}",20,13,14.595384530088818,"{0: 7, 1: 0, 2: 0, 3: 0, 4: 0}",1
89,True,"{'a': 0, 'e': 0}",20,15,12.700985813903143,"{0: 5, 1: 0, 2: 0, 3: 0, 4: 0}",1
90,True,"{'a': 0, 'e': 0}",25,8,25.963197948148334,"{0: 17, 1: 0, 2: 0, 3: 0, 4: 0}",1
91,True,"{'a': 0, 'e': 0}",20,7,15.116932105408445,"{0: 12, 1: 1, 2: 0, 3: 0, 4: 0}",1
92,True,"{'a': 0, 'e': 0}",30,18,23.239176697704625,"{0: 12, 1: 0, 2: 0, 3: 0, 4: 0}",1
93,True,"{'a': 0, 'e': 0}",30,18,24.56893276745223,"{0: 12, 1: 0, 2: 0, 3: 0, 4: 0}",1
94,True,"{'a': 0, 'e': 0}",30,16,26.606800810592652,"{0: 14, 1: 0, 2: 0, 3: 0, 4: 0}",1
95,True,"{'a': 0, 'e': 0}",20,15,10.479930905897302,"{0: 5, 1: 0, 2: 0, 3: 0, 4: 0}",1
96,True,"{'a': 0, 'e': 0}",20,0,28.170959519509537,"{0: 20, 1: 0, 2: 0, 3: 0, 4: 0}",0
97,True,"{'a': 0, 'e': 0}",20,16,7.7174645669817314,"{0: 4, 1: 0, 2: 0, 3: 0, 4: 0}",1
98,True,"{'a': 0, 'e': 0}",30,18,21.995952995162003,"{0: 12, 1: 0, 2: 0, 3: 0, 4: 0}",1
99,True,"{'a': 0, 'e': 0}",20,6,25.123701564906483,"{0: 14, 1: 0, 2: 0, 3: 0, 4: 0}",1
100,True,"{'a': 0, 'e': 0}",20,6,23.579432496571858,"{0: 14, 1: 0, 2: 0, 3: 0, 4: 0}",1
